,combined_avg_score,num_bad_examples,num_test_examples,average_std_dev
0,0.8796296296296297,5,4,0.13661330258962504
0,1.0,5,2,0.0
0,0.8177777777777778,50,5,0.15976172734359606
